연관 검색어,PC 월간 검색수,PC 월평균 클릭수,PC 월평균 클릭률,모바일 월간 검색수,모바일 월평균 클릭수,모바일 월평균 클릭율,월평균 노출 광고수,경쟁 정도
금속절곡,70,1.5,2.11,50,0.0,0.0,13,중간
철판절곡,410,7.0,1.79,730,25.1,3.75,15,높음
SUS파이프,480,13.3,2.95,190,11.0,5.92,15,높음
스텐철판,350,16.1,4.94,980,46.2,4.97,15,높음
파이프밴딩,390,14.9,3.96,590,28.7,5.1,15,높음
알루미늄절곡,200,2.8,1.42,200,6.0,2.99,15,높음
절곡,1560,9.1,0.62,1820,22.3,1.32,15,높음
철판밴딩,110,2.4,2.18,100,1.3,1.35,14,높음
판금,2130,11.1,0.56,4860,8.3,0.19,15,높음
서스파이프,280,8.2,3.13,280,13.7,5.18,15,높음
레이저가공,900,22.6,2.72,730,24.0,3.47,15,높음
레이저절단,360,7.8,2.26,330,9.5,3.0,15,높음
스텐절곡,290,7.5,2.75,700,22.0,3.36,15,높음
레이저커팅,680,9.5,1.48,840,15.7,2.01,15,높음
밴딩,1820,8.2,0.49,3110,32.8,1.14,15,높음
SUS판,230,4.6,2.12,100,1.0,0.98,15,높음
금속제작,150,7.2,4.9,210,19.7,9.74,15,높음
갈바,2710,26.8,1.05,3580,92.0,2.75,15,높음
구로철판,820,12.6,1.62,1120,27.6,2.65,14,높음
판금업체,60,2.9,4.48,10,0.3,2.09,15,높음
철판레이저가공,300,10.1,3.69,440,27.7,6.65,15,높음
스텐제작,220,11.5,5.44,440,30.3,7.17,15,높음
파이프벤딩,120,3.8,3.15,160,6.0,3.96,15,높음
금속레이저,40,0.7,1.63,60,0.7,1.12,15,높음
선반가공,820,4.7,0.6,1750,23.6,1.44,15,높음
정밀판금,60,3.8,6.46,20,1.3,5.34,15,높음
레이저컷팅,400,4.7,1.24,510,7.1,1.48,15,높음
벤딩,880,5.1,0.62,1330,16.3,1.31,15,높음
알미늄계단,20,1.7,6.34,70,1.8,2.31,11,중간
절곡업체,20,0.9,3.25,10,0.0,0.0,13,중간
철제테이블제작,20,1.7,8.34,50,4.0,7.55,15,높음
부산철판절곡,< 10,0.5,9.1,< 10,0.0,0.0,2,중간
파이프제작,70,2.3,3.39,100,3.7,3.71,15,높음
스테인레스프레임,20,0.5,2.48,40,0.7,1.59,13,중간
철판가공,550,13.6,2.62,900,25.5,3.03,15,높음
레이저절곡,130,5.5,4.25,120,1.8,1.44,15,높음
알루미늄가공업체,100,7.0,7.0,90,6.2,6.42,15,높음
알루미늄제작,150,6.1,4.1,240,14.7,6.63,15,높음
스텐절단,70,0.5,0.76,200,0.5,0.27,15,높음
부산철판절단,< 10,0.0,0.0,< 10,0.0,0.0,3,높음
부산절곡,30,2.9,9.71,20,1.7,6.03,3,낮음
철판주문제작,50,2.3,4.51,60,3.7,5.83,10,중간
부산레이저,60,0.1,0.12,100,3.6,3.6,14,높음
스테인레스스틸,720,2.2,0.33,1280,1.8,0.15,15,높음
알루미늄CNC가공,130,2.3,1.85,180,6.3,3.71,15,높음
고주파밴딩,90,6.0,7.49,30,0.5,1.62,6,중간
PVC가공,80,3.8,4.88,70,4.7,6.97,15,높음
스테인레스제작,160,8.5,5.8,340,32.5,10.07,15,높음
알루미늄상자,50,0.1,0.16,140,0.5,0.38,13,중간
모형절단,110,3.7,3.61,40,3.7,8.34,15,높음
알루미늄커팅,30,0.6,1.56,30,0.0,0.0,13,중간
철판레이저,50,1.0,2.43,50,0.7,1.41,12,중간
용접공장,20,0.3,1.89,50,0.7,1.38,3,높음
난간포스트,40,1.6,3.71,40,1.3,3.34,14,높음
갈바절곡,130,1.8,1.37,110,0.0,0.0,13,중간
절단절곡,120,3.3,2.69,280,11.7,4.33,15,높음
프레스가공,390,7.7,2.08,200,9.3,4.6,15,높음
SUS가공,90,3.2,3.77,50,2.0,3.78,15,높음
CNC가공업체,100,3.7,3.71,70,6.7,8.78,15,높음
스텐레스가공,40,1.1,2.7,50,3.7,7.06,15,높음
파이프조인트,450,10.7,2.45,850,22.7,2.83,15,높음
스텐주문제작,40,2.9,6.12,70,6.7,9.96,15,높음
NC가공,300,2.3,0.76,270,4.0,1.57,15,높음
레이져절단기,80,3.7,4.92,160,9.7,6.13,15,높음
파이프레이저가공,70,5.3,7.32,30,4.3,12.15,15,높음
금속레이저가공,20,0.5,2.86,10,0.6,4.35,15,높음
금속테이블,30,0.8,2.45,60,0.3,0.39,12,중간
절곡가공,40,0.3,0.85,20,0.0,0.0,14,높음
부산금속제작,< 10,0.3,5.56,< 10,0.3,8.34,3,높음
부산철판제작,< 10,1.0,16.67,< 10,1.3,25.0,2,중간
5축가공,150,1.6,1.09,120,0.6,0.55,15,높음
스테인레스가공,110,4.7,4.39,130,9.0,7.5,15,높음
레이저가공기,190,2.3,1.23,150,3.0,2.0,15,높음
철제프레임제작,90,3.7,4.3,160,10.7,7.02,15,높음
알루미늄레이저가공,50,1.2,2.68,40,0.4,0.85,12,중간
PCRACK,80,1.6,2.04,20,1.0,4.55,11,중간
판금가공,110,2.4,2.31,70,3.0,4.77,15,높음
철판절단,170,2.3,1.38,240,3.3,1.45,15,높음
금속가공,510,9.4,1.9,540,14.3,2.76,15,높음
알미늄가공,30,1.8,6.0,40,1.0,2.5,15,높음
파이프랙,470,14.9,3.34,490,19.7,4.33,15,높음
레이져가공,< 10,0.2,4.0,< 10,0.0,0.0,15,높음
V컷팅,210,2.9,1.46,190,5.0,2.71,15,높음
밀링가공,240,2.0,0.85,180,0.3,0.2,15,높음
금속가공업체,50,2.1,4.14,30,1.7,5.06,15,높음
판금제작,40,4.6,11.5,20,1.7,6.18,15,높음
알루미늄밴딩,60,3.5,5.18,50,1.7,3.09,12,중간
CNC선반가공,100,1.4,1.45,370,4.7,1.32,15,높음
티타늄가공,120,5.7,4.93,110,7.4,6.71,15,높음
철판제작,190,5.1,2.86,390,21.7,5.89,14,높음
고속절단기,1750,13.2,0.81,5570,156.0,3.03,15,높음
스텐가공,110,6.3,5.75,220,9.2,4.3,15,높음
철재핸드레일,< 10,0.0,0.0,< 10,0.0,0.0,0,낮음
베이스철판,40,0.7,1.76,40,0.0,0.0,13,중간
스텐레스절곡,20,1.2,5.38,30,0.7,1.95,12,중간
구로철판가공,< 10,0.0,0.0,< 10,0.0,0.0,3,높음
임가공,2350,3.2,0.15,2010,0.3,0.02,15,높음
스테인레스주문제작,30,1.6,4.58,60,6.3,9.9,15,높음
알루미늄레이저,30,0.4,1.16,30,0.0,0.0,14,높음
레이저절단절곡,30,1.1,3.42,30,0.0,0.0,15,높음
알루미늄원형파이프,60,2.3,3.77,60,0.3,0.52,13,중간
인테리어철판,40,0.5,1.09,100,0.7,0.69,10,중간
가공업체,140,4.3,3.29,80,2.3,3.0,15,높음
기계가공,240,1.3,0.57,220,4.3,2.02,15,높음
레이저임가공,10,0.0,0.0,10,0.0,0.0,15,높음
금속,1700,6.1,0.39,3130,18.3,0.64,15,높음
PC가공,60,0.9,1.7,30,3.7,10.19,15,높음
스테인리스제작,60,2.0,3.28,100,8.9,9.27,15,높음
황동가공,40,1.6,3.26,30,1.0,2.86,15,높음
시화공단절곡,< 10,0.0,0.0,< 10,0.0,0.0,2,중간
금속각도절단기,110,1.2,1.12,400,12.0,3.16,14,높음
시화절곡,< 10,0.0,0.0,< 10,0.0,0.0,2,중간
동판절단,10,0.4,3.61,10,0.0,0.0,11,중간
금속글자,20,0.6,3.26,30,0.3,1.08,7,중간
금속글씨,10,0.5,4.35,10,0.0,0.0,2,중간
휀스제작,30,1.6,4.85,30,2.3,7.3,15,높음
전원주택우체통,70,0.8,1.16,420,24.7,6.57,14,높음
철재인테리어소품,< 10,0.0,0.0,50,4.3,9.43,15,높음
스테인레스인테리어,10,0.0,0.0,60,0.3,0.53,3,높음
알루미늄레이저절단,10,0.0,0.0,10,0.0,0.0,3,높음
인천레이저절단,< 10,1.1,18.75,< 10,0.0,0.0,3,높음
철판임가공,< 10,0.0,0.0,< 10,0.0,0.0,3,높음
스텐레이저가공,20,3.0,15.79,20,0.0,0.0,3,낮음
스텐앵글,370,15.4,4.36,800,44.9,6.01,15,높음
스테인레스커팅,< 10,0.0,0.0,< 10,0.8,16.67,3,높음
판금레이저,10,0.7,6.67,10,0.4,5.0,3,높음
펀칭제작,< 10,2.2,27.28,10,0.8,10.0,3,높음
제어박스,20,0.4,1.42,20,1.3,5.8,14,높음
철난간,10,0.4,2.07,70,2.5,3.79,13,중간
철박스제작,< 10,2.3,25.93,10,0.7,5.89,3,높음
철상자,30,0.7,2.66,100,0.3,0.26,12,중간
철제케이스제작,10,0.9,6.78,10,2.0,14.29,13,중간
철제통,30,0.4,1.08,190,3.3,1.76,10,중간
철케이스제작,< 10,0.5,12.97,10,1.3,13.34,14,높음
철판제조,< 10,0.0,0.0,< 10,0.0,0.0,3,높음
케이스가공,< 10,0.1,1.29,< 10,0.0,0.0,11,중간
케이스판금,< 10,0.0,0.0,< 10,0.0,0.0,3,높음
콘솔데스크제작,10,1.3,10.43,< 10,0.0,0.0,14,높음
콘솔랙,10,2.0,16.67,10,0.0,0.0,3,높음
통신외함,< 10,0.0,0.0,< 10,1.0,20.0,0,낮음
스텐케이스,20,0.7,2.47,80,1.1,1.34,15,높음
스텐케이스제작,< 10,0.0,0.0,10,0.3,3.34,3,높음
외함,290,3.1,1.14,190,1.5,0.8,14,높음
레이져판금,< 10,0.8,11.77,< 10,0.5,7.7,2,중간
로봇용접,60,0.5,0.8,180,1.0,0.59,14,높음
산업용다이,10,0.5,4.55,10,0.4,4.35,2,중간
스테인레스업체,< 10,0.3,5.56,10,0.3,2.39,3,높음
CASE,3930,0.9,0.03,9500,8.7,0.1,10,중간
NCT절곡,20,0.8,3.71,10,0.0,0.0,3,높음
NCT정밀판금,< 10,0.0,0.0,< 10,0.0,0.0,3,높음
RACKCASE,20,0.3,1.21,< 10,0.0,0.0,11,중간
금속가공기계,20,0.1,0.64,10,0.0,0.0,14,높음
스텐글씨,< 10,0.0,0.0,10,0.0,0.0,1,중간
금속케이스,50,1.8,3.6,60,3.0,5.11,15,높음
LASER,1760,1.4,0.09,3250,0.7,0.03,15,높음
SUS레이저가공,10,0.7,8.34,< 10,0.0,0.0,3,높음
평철절곡,20,1.7,8.34,20,0.9,5.89,3,높음
브이컷팅,20,0.0,0.0,40,0.3,0.84,3,높음
원형파이프절단,< 10,0.7,12.5,< 10,0.0,0.0,3,높음
대형절곡,20,2.2,9.1,10,0.0,0.0,2,낮음
판금케이스제작,< 10,0.7,33.34,< 10,0.4,14.29,3,높음
철판레이져,< 10,0.0,0.0,< 10,0.0,0.0,3,높음
인천레이저커팅,< 10,0.0,0.0,< 10,0.0,0.0,3,높음
인천레이저가공,10,1.3,6.67,< 10,0.0,0.0,11,중간
철재프레임,220,2.7,1.27,730,18.7,2.74,15,높음
SUS절곡,30,1.4,3.51,10,0.0,0.0,3,높음
정밀절곡,< 10,0.0,0.0,< 10,0.0,0.0,2,중간
금속레이저절단,< 10,0.8,8.52,< 10,0.3,4.35,10,중간
스틸절곡,< 10,0.7,9.53,10,0.0,0.0,3,높음
철판절단절곡,30,1.8,4.74,30,0.0,0.0,14,높음
절곡프로그램,< 10,0.0,0.0,< 10,0.0,0.0,3,높음
절곡기계,20,1.7,8.63,10,0.0,0.0,3,높음
레이저정밀가공,< 10,0.9,17.65,< 10,0.0,0.0,3,낮음
레이저컷팅가격,< 10,0.0,0.0,< 10,0.0,0.0,13,중간
레이저미세가공,< 10,0.3,5.77,< 10,0.0,0.0,9,중간
레이저가공기술,< 10,0.3,11.12,10,0.8,11.12,3,높음
레이저가공견적,< 10,0.2,5.46,< 10,0.3,8.34,14,높음
금속레이저컷팅,20,1.0,3.87,20,0.3,1.34,12,중간
알루미늄방수케이스,< 10,0.3,16.67,< 10,0.5,25.0,3,높음
ALBOX,40,1.6,4.55,320,0.6,0.26,2,중간
알루미늄함체,< 10,0.0,0.0,< 10,0.5,50.0,3,높음
알루미늄엔클로저,50,0.0,0.0,20,0.0,0.0,3,높음
알미늄절곡,10,1.1,8.89,40,0.5,1.22,4,낮음
인천레이저,10,0.1,0.86,40,0.0,0.0,15,높음
알미늄절단,10,0.1,0.96,30,0.0,0.0,14,높음
수원레이저가공,10,0.4,3.85,< 10,0.0,0.0,8,중간
파이프레이져가공,< 10,0.0,0.0,< 10,0.0,0.0,0,낮음
레이저컷팅비용,10,0.1,1.51,< 10,0.3,8.34,15,높음
후판절단,< 10,0.3,5.56,< 10,0.0,0.0,3,높음
철판판금,< 10,1.3,42.86,< 10,0.0,0.0,2,중간
레이져컷팅,< 10,0.3,11.12,10,0.3,3.34,15,높음
금속절단,70,0.0,0.0,120,1.3,1.12,15,높음
레이저컷팅업체,< 10,0.0,0.0,10,0.0,0.0,15,높음
동판절곡,10,0.7,7.41,10,2.0,18.19,3,높음
파이프레이져,< 10,0.1,2.23,< 10,0.0,0.0,15,높음
스텐철판가공,< 10,0.3,4.77,< 10,0.4,5.56,3,높음
인천철판가공,< 10,0.7,22.23,< 10,0.0,0.0,3,높음
시화공단레이저,10,0.8,8.0,< 10,0.0,0.0,3,높음
대형레이져,< 10,0.8,13.34,< 10,0.0,0.0,3,높음
서브렉,10,0.8,4.77,10,0.0,0.0,3,높음
샤링절곡,10,1.0,8.34,30,1.1,3.71,3,높음
파이프컷팅기,80,1.1,1.6,140,9.0,6.34,15,높음
파이프커팅기,60,1.2,1.89,150,5.0,3.5,15,높음
부산파이프절단,10,0.0,0.0,< 10,0.0,0.0,3,높음
파이프벤더,190,2.2,1.21,220,3.7,1.8,15,높음
SUS레이저,10,0.7,6.67,< 10,0.0,0.0,3,높음
커팅,570,0.6,0.12,1120,0.0,0.0,15,높음
경판가공,30,1.8,5.67,10,0.0,0.0,10,중간
절단가공,20,0.1,0.35,< 10,0.0,0.0,14,높음
성해산업,10,1.4,10.35,20,0.9,4.55,2,중간
SUS절단,10,0.1,0.46,10,0.3,2.78,15,높음
부천레이저,10,0.4,2.86,40,0.0,0.0,13,중간
철판레이저커팅,10,0.7,4.09,10,0.0,0.0,3,높음
레이저센터,130,8.6,7.06,90,2.0,2.09,7,중간
파이프벤딩기,210,5.5,2.7,310,11.7,3.88,15,높음
절단업체,20,0.2,0.78,10,0.0,0.0,15,높음
기계프레임,< 10,0.0,0.0,< 10,0.0,0.0,3,높음
기계커버,20,0.4,1.84,10,0.0,0.0,15,높음
기계카바,< 10,0.9,18.67,< 10,0.0,0.0,15,높음
스틸폼,60,1.2,1.93,130,0.3,0.2,14,높음
금속레터링,< 10,0.0,0.0,20,0.0,0.0,2,중간
스텐밴딩,40,1.3,3.04,80,0.0,0.0,3,높음
스텐레이저커팅,< 10,1.9,31.25,10,1.3,8.34,3,높음
SUS밴딩,10,0.3,2.0,< 10,0.5,7.7,3,높음
파이프절단기,450,17.4,4.15,1280,46.3,3.88,15,높음
철판벤딩,50,2.7,5.67,20,0.7,3.34,14,높음
알루미늄부품,10,0.0,0.0,10,0.7,3.93,13,중간
파이프밴딩기,840,24.5,3.05,2220,77.6,3.74,15,높음
알루미늄컷팅,20,0.1,0.33,50,0.0,0.0,15,높음
파이프견적,< 10,0.3,3.34,< 10,0.5,8.34,15,높음
철판절단기,150,2.8,1.92,470,14.7,3.34,15,높음
부산철판가공,< 10,0.3,5.56,20,0.5,4.17,3,높음
금속밴딩,20,1.5,5.89,30,0.0,0.0,3,높음
금속벤딩,< 10,0.7,22.23,10,0.0,0.0,3,높음
금속가공제품제조업,70,0.6,0.87,80,0.7,0.81,10,중간
알루미늄단자함,< 10,0.0,0.0,< 10,0.0,0.0,2,중간
광주철판가공,< 10,0.3,11.12,< 10,0.0,0.0,3,높음
부산레이저가공,30,2.1,6.22,10,0.0,0.0,11,중간
철제가공,10,0.8,4.73,20,1.0,4.17,7,중간
레이저커팅기,1430,21.1,1.57,2480,46.0,1.98,15,높음
부산절단절곡,< 10,0.7,13.34,< 10,1.0,50.0,3,높음
스텐절단절곡,10,1.0,5.56,30,0.7,2.2,3,높음
평철가공,10,0.7,4.14,10,0.0,0.0,8,중간
철판레이저컷팅,< 10,0.7,8.34,10,0.0,0.0,3,높음
안산레이저가공,10,0.7,6.67,< 10,0.0,0.0,9,중간
S45C철판,40,6.5,15.58,10,0.0,0.0,3,높음
무늬철판,430,17.2,4.2,380,20.3,5.73,15,높음
절단,1050,0.4,0.05,1730,1.0,0.07,15,높음
부산레이저절단,10,1.3,15.95,< 10,0.0,0.0,9,중간
프레스임가공,10,1.2,11.54,< 10,1.2,40.0,3,높음
파이프절곡,60,0.9,1.46,90,1.0,1.15,14,높음
스텐레스절단,10,0.1,0.43,40,0.0,0.0,15,높음
레이져절곡,< 10,0.0,0.0,< 10,0.0,0.0,0,낮음
대구절곡,20,0.9,4.55,50,0.0,0.0,2,중간
레이져용접,120,2.1,1.74,160,4.0,2.57,15,높음
레이저장비,60,2.4,3.94,70,0.3,0.44,15,높음
시화레이저,< 10,0.0,0.0,< 10,0.0,0.0,3,높음
레이저가공업체,50,0.7,2.04,10,0.3,2.5,15,높음
플라즈마절단,120,0.9,0.8,90,0.0,0.0,14,높음
V커팅,70,0.6,0.83,70,0.3,0.39,13,중간
레이저커팅가공,< 10,0.0,0.0,< 10,0.0,0.0,2,중간
옥외함,20,1.0,4.71,< 10,0.3,4.17,12,중간
앵글벤딩,10,0.3,2.78,< 10,0.0,0.0,3,높음
H빔밴딩,20,2.3,11.12,10,0.0,0.0,3,높음
안성레이저가공,10,0.4,2.64,< 10,0.0,0.0,3,높음
파주레이저가공,< 10,0.0,0.0,< 10,0.0,0.0,3,높음
수원절곡,< 10,0.0,0.0,10,0.0,0.0,3,높음
화성레이저가공,10,0.0,0.0,< 10,0.0,0.0,3,높음
각파이프절단,60,1.3,2.26,90,1.0,1.2,13,중간
레이저용접업체,< 10,1.0,14.29,< 10,0.0,0.0,3,높음
금형용접,10,0.3,1.86,20,0.0,0.0,3,높음
포천레이저,< 10,0.0,0.0,< 10,0.0,0.0,3,높음
스텐판절곡,20,2.6,8.97,30,0.7,2.47,5,중간
스테인레스절곡,50,1.2,2.85,90,0.0,0.0,10,중간
벤딩업체,20,0.9,4.63,10,0.0,0.0,11,중간
LASERWELDING,30,0.9,3.0,< 10,0.0,0.0,10,중간
철판롤링,30,1.4,3.93,10,1.0,6.82,9,중간
금형프레스,50,0.3,0.55,80,1.3,1.61,14,높음
CNC절곡,20,0.0,0.0,20,0.0,0.0,3,높음
NCT판금,30,0.8,2.55,20,0.0,0.0,12,중간
전기함,250,3.9,1.63,490,9.3,2.06,15,높음
판금설계,100,0.5,0.49,70,0.0,0.0,15,높음
태양광클램프,50,1.0,1.97,50,2.0,3.71,8,중간
인천절곡,10,0.4,2.28,< 10,0.0,0.0,3,높음
절곡집,40,1.7,4.77,90,3.3,4.49,3,높음
밴딩업체,30,0.8,2.43,40,0.0,0.0,15,높음
부산스텐용접,< 10,0.0,0.0,10,0.0,0.0,3,높음
절곡레이저,< 10,0.0,0.0,10,0.0,0.0,3,높음
판가공,< 10,0.3,4.35,< 10,0.0,0.0,3,높음
김포절곡,10,0.3,3.34,< 10,0.0,0.0,3,높음
LASERCUTTING,40,0.6,1.5,20,0.3,1.76,14,높음
파이프컷팅,30,0.3,0.76,50,0.7,1.56,15,높음
파이프절단업체,< 10,1.3,14.82,< 10,0.0,0.0,3,높음
대구레이저절단,< 10,0.4,5.27,< 10,0.0,0.0,3,높음
김해레이저가공,10,1.5,12.5,< 10,0.7,8.0,3,높음
대구절단절곡,< 10,1.4,20.0,10,0.0,0.0,2,중간
울산레이저절단,< 10,0.6,10.0,< 10,0.5,50.0,2,중간
울산철판가공,< 10,0.9,22.23,< 10,0.8,25.0,2,중간
CNC절단,30,0.7,2.18,30,0.0,0.0,15,높음
고주파벤딩,80,7.2,9.41,40,0.8,2.05,4,낮음
알루미늄벤딩,40,2.1,4.81,10,0.7,3.51,13,중간
창원레이저절단,< 10,0.0,0.0,< 10,0.0,0.0,3,높음
레이져절단,< 10,0.1,4.45,< 10,0.0,0.0,15,높음
창원레이저가공,< 10,0.3,16.67,< 10,0.0,0.0,3,높음
남양주레이저,< 10,0.2,5.89,< 10,0.0,0.0,6,중간
레이저커터,130,0.9,0.7,170,6.3,3.77,15,높음
스테인레스레이저가공,10,1.4,14.29,< 10,0.0,0.0,3,높음
스테인레스절단,40,0.4,1.09,80,0.8,0.94,13,중간
브이커팅,20,0.0,0.0,20,1.0,5.89,3,높음
부산레이저용접,< 10,0.0,0.0,10,0.0,0.0,2,중간
부산레이저절곡,< 10,0.0,0.0,< 10,0.0,0.0,3,높음
스테인리스절곡,20,0.0,0.0,20,0.0,0.0,3,높음
CNC펀칭,10,1.6,12.5,10,0.0,0.0,2,중간
코일절단기,< 10,0.0,0.0,10,0.8,6.25,2,중간
아연도금강판,580,8.6,1.62,480,18.0,3.94,14,높음
자동문제작,20,1.0,4.18,10,1.3,8.89,14,높음
스텐가공업체,10,0.7,7.08,10,0.0,0.0,10,중간
철가공,70,2.9,3.95,100,4.7,4.72,15,높음
임가공업체,100,0.9,1.0,50,0.0,0.0,15,높음
알루미늄절단,130,1.8,1.41,220,2.7,1.33,15,높음
절곡비용,10,0.3,2.39,10,0.0,0.0,3,높음
금속레이저컷팅기,< 10,1.1,19.05,< 10,0.0,0.0,7,중간
금속레이저커팅기,10,1.7,14.11,20,0.3,1.67,13,중간
철판홀가공,< 10,0.0,0.0,20,0.0,0.0,3,높음
로링,140,0.6,0.4,320,0.3,0.11,14,높음
동원밴딩,10,0.0,0.0,< 10,0.0,0.0,2,중간
냉간벤딩,< 10,0.3,6.67,< 10,0.3,16.67,3,높음
일산렉산,< 10,0.4,5.34,10,0.3,1.97,9,중간
동원벤딩,< 10,0.4,7.7,< 10,0.8,25.0,3,높음
시흥스텐,10,0.5,4.77,10,0.0,0.0,2,중간
일산절곡,10,1.7,15.63,10,0.0,0.0,3,높음
김해레이저절단,< 10,0.0,0.0,10,0.0,0.0,2,중간
안산레이저,30,0.0,0.0,70,0.0,0.0,8,중간
H빔벤딩,< 10,1.0,20.0,< 10,0.3,16.67,3,높음
시흥레이저가공,< 10,0.0,0.0,< 10,0.0,0.0,3,높음
스텐레스판,190,6.0,3.28,380,19.0,5.39,15,높음
대구레이저가공,20,1.3,6.07,10,0.3,2.09,3,높음
철재프레임제작,10,0.2,1.27,40,1.0,2.28,14,높음
NCT레이저,10,0.0,0.0,10,0.0,0.0,1,중간
김포레이저가공,< 10,0.0,0.0,< 10,0.3,11.12,3,높음
갈바철판,200,5.1,2.54,140,1.8,1.25,12,중간
한국특수레이져금속,< 10,1.8,22.23,< 10,0.0,0.0,1,중간
한국특수레이져,< 10,0.5,6.67,< 10,0.0,0.0,2,중간
한국특수레이저금속,< 10,0.9,12.5,< 10,0.0,0.0,1,중간
레이저절단가공,10,0.3,3.71,< 10,0.0,0.0,3,높음
함석판,1540,26.3,1.82,4660,78.3,1.82,15,높음
절곡절단,10,0.7,4.88,20,1.2,6.39,3,높음
철판경사로,20,2.0,12.2,10,0.0,0.0,3,높음
철판덮개,30,0.3,0.97,40,0.5,1.2,3,낮음
체크발판,20,1.8,7.5,20,0.0,0.0,3,낮음
EGI판,50,1.0,2.21,10,0.7,6.67,9,중간
SUS체크플레이트,< 10,0.0,0.0,< 10,0.0,0.0,1,중간
문래동절곡,< 10,1.0,100.0,10,0.0,0.0,1,중간
문래동철강,20,0.9,4.77,30,0.0,0.0,1,중간
문래동철판,10,0.0,0.0,40,0.0,0.0,1,중간
알류미늄판,< 10,0.0,0.0,10,0.7,4.77,14,높음
부천레이저가공,10,0.0,0.0,< 10,0.0,0.0,3,높음
대구철판가공,< 10,1.4,20.0,10,0.0,0.0,3,높음
알루미늄프레임,470,16.3,3.74,520,12.0,2.53,15,높음
경북벤딩,< 10,0.5,12.5,< 10,0.0,0.0,2,중간
대구벤딩,< 10,2.0,25.0,20,2.5,9.62,3,높음
철판절단판매,20,2.2,11.0,30,1.0,3.34,10,중간
남양주철강,20,1.4,6.43,50,2.3,4.49,10,중간
경기도광주철강,10,0.4,3.13,10,0.0,0.0,2,중간
시흥시철강,< 10,0.0,0.0,< 10,0.0,0.0,3,높음
일산철강,10,1.0,10.35,10,0.0,0.0,3,높음
수원철강,10,0.6,4.28,80,4.0,5.11,8,중간
프라즈마절단,60,1.8,3.19,50,2.3,4.41,15,높음
경사로제작,30,1.5,4.57,30,4.0,10.53,14,높음
SUS체크판,< 10,0.0,0.0,< 10,0.0,0.0,2,중간
맨홀제작,40,2.1,4.84,10,1.0,7.15,14,높음
철판가공업체,10,1.2,13.52,10,0.8,6.67,12,중간
철판샤링,60,0.9,1.52,50,0.0,0.0,10,중간
스텐맨홀뚜껑,< 10,0.0,0.0,< 10,0.0,0.0,2,중간
스텐판절단,10,1.3,12.5,20,2.3,8.11,5,중간
철제발판,60,1.1,1.99,90,0.5,0.55,15,높음
사각맨홀,580,26.1,4.86,490,23.1,5.23,15,높음
평철제작,10,0.0,0.0,10,0.0,0.0,1,중간
스텐뚜껑,110,1.0,0.99,590,0.5,0.09,15,높음
차량진입판제작,10,1.1,7.05,30,4.0,11.43,14,높음
미끄럼방지철판,50,0.9,1.69,90,1.3,1.41,6,중간
EGI철판,120,1.1,0.88,50,2.0,3.51,14,높음
문턱경사로,110,0.7,0.66,160,0.8,0.47,15,높음
판금기계,10,1.2,6.67,20,1.0,4.0,9,중간
키오스크판금,< 10,0.4,7.15,< 10,0.5,25.0,2,중간
판금종류,< 10,0.0,0.0,< 10,0.0,0.0,3,높음
판금비용,30,0.0,0.0,160,0.0,0.0,13,중간
부산스텐제작,10,0.8,5.61,10,0.3,2.09,8,중간
스텐파이프가공,80,3.8,4.48,130,3.5,2.7,12,중간
차량진입발판,10,0.6,3.87,40,0.7,1.49,13,중간
철판로링,10,0.5,3.34,10,0.0,0.0,2,중간
철판발판,10,0.0,0.0,10,0.0,0.0,3,높음
철판타공판,10,1.2,8.98,20,0.3,1.41,6,중간
체크무늬철판,60,1.7,2.98,80,0.8,0.97,14,높음
체크무늬판,10,0.0,0.0,20,0.0,0.0,3,높음
체크플레이트,710,20.2,3.02,560,27.0,5.18,14,높음
타공판가공,< 10,0.0,0.0,10,0.0,0.0,1,중간
타공판절곡,< 10,0.4,12.5,< 10,0.0,0.0,3,높음
트렌치,4130,86.6,2.25,7900,226.3,3.23,15,높음
스텐덮개,20,0.3,1.52,100,0.7,0.66,3,높음
스텐발판,60,1.3,2.26,120,0.7,0.56,12,중간
알루미늄발판,230,4.6,2.04,410,11.0,2.88,15,높음
알루미늄철판,100,3.0,3.07,180,2.8,1.65,6,중간
알루미늄판절곡,10,2.5,36.37,20,1.0,8.34,2,중간
알미늄발판,30,1.7,4.4,110,2.0,1.82,10,중간
알미늄체크판,40,1.8,3.83,160,12.7,8.07,13,중간
계단철판,30,0.0,0.0,90,0.0,0.0,3,높음
함석판가공,< 10,0.0,0.0,< 10,0.0,0.0,1,중간
입구발판,120,0.9,0.78,350,0.8,0.24,15,높음
계단절곡,< 10,0.0,0.0,< 10,0.0,0.0,3,높음
맨홀덮개,100,2.2,2.21,180,1.0,0.59,11,중간
맨홀뚜껑제작,10,0.5,3.53,10,0.4,1.97,11,중간
멘홀뚜껑,60,1.5,2.66,90,2.3,2.63,14,높음
무늬철판계단,10,1.0,7.32,10,0.0,0.0,3,높음
무늬판,20,1.4,6.53,30,0.0,0.0,9,중간
미끄럼방지계단,30,0.2,0.64,120,4.7,4.17,15,높음
브라켓제작,90,3.3,3.81,90,0.0,0.0,14,높음
사각맨홀뚜껑,190,7.9,4.27,360,18.3,5.54,14,높음
경사로발판,60,1.3,2.0,100,4.7,4.58,15,높음
경사로진입판,50,0.8,1.62,70,0.3,0.53,15,높음
계단경사로,60,1.1,1.92,150,8.0,5.48,15,높음
레이져컷팅기,< 10,0.0,0.0,< 10,0.3,3.13,15,높음
대전철판가공,10,0.7,6.67,< 10,0.0,0.0,3,높음
판금집,10,0.5,3.23,10,0.6,5.56,2,중간
금속레이저커팅,20,0.7,2.9,20,1.0,4.17,14,높음
앵글밴딩,10,1.2,7.58,10,0.7,4.77,8,중간
칼라스텐,130,8.2,6.18,140,18.0,13.32,14,높음
자동온도조절장치,40,0.7,1.51,50,1.0,1.97,15,높음
현관문번호키,1140,17.7,1.68,8020,221.9,3.02,15,높음
정밀공업,30,0.0,0.0,20,0.0,0.0,3,높음
미세가공,10,0.3,3.04,< 10,0.0,0.0,3,높음
3D도면설계,10,1.0,8.89,10,0.0,0.0,4,낮음
성남절곡,< 10,0.0,0.0,< 10,0.0,0.0,3,높음
알루미늄선반가공,< 10,0.7,8.34,< 10,0.0,0.0,3,높음
무산소동가공,< 10,0.0,0.0,< 10,0.0,0.0,1,중간
표면처리종류,30,0.6,2.05,10,0.0,0.0,2,중간
표면처리규격,10,0.0,0.0,< 10,0.0,0.0,1,중간
제주절곡,< 10,0.0,0.0,10,0.0,0.0,3,높음
스테인레스CNC,10,0.7,10.0,< 10,0.0,0.0,1,중간
아크릴탭가공,10,0.4,3.58,< 10,0.0,0.0,3,높음
아크릴곡면가공,< 10,0.0,0.0,< 10,0.0,0.0,2,중간
스텐파이프절단,30,1.3,3.52,60,0.8,1.21,15,높음
곡면가공,10,0.3,3.71,< 10,0.0,0.0,3,높음
육면가공,10,1.5,12.5,< 10,0.0,0.0,2,중간
파주철공소,< 10,0.8,11.12,20,0.0,0.0,3,낮음
알루미늄가공,570,14.0,2.6,540,14.9,2.87,15,높음
NC절곡기,< 10,0.7,11.12,10,0.0,0.0,3,높음
평판가공,< 10,0.0,0.0,< 10,0.0,0.0,2,중간
스텐벤딩,10,0.2,1.46,10,0.0,0.0,10,중간
파이프형상가공,< 10,0.0,0.0,< 10,0.0,0.0,2,중간
프라즈마가공,10,1.9,14.29,< 10,0.0,0.0,2,중간
홀가공업체,< 10,0.0,0.0,< 10,0.0,0.0,3,높음
서스파이프규격,120,2.0,1.79,50,0.0,0.0,3,낮음
심가공,20,1.0,5.0,< 10,0.0,0.0,1,중간
알루미늄후가공,< 10,0.3,4.17,< 10,0.0,0.0,3,높음
탭가공규격,20,0.0,0.0,10,0.0,0.0,2,중간
소형케이스,40,0.4,1.0,80,0.7,0.96,15,높음
레이져커팅기,< 10,0.0,0.0,10,0.0,0.0,0,낮음
스테인리스가공,50,2.1,4.66,60,2.3,3.96,15,높음
외함제작,30,1.7,5.72,< 10,0.0,0.0,14,높음
알루미늄판가공,60,2.0,3.18,50,0.3,0.65,15,높음
레이저용접,400,4.3,1.12,480,9.0,1.92,15,높음
레이져커팅,< 10,0.0,0.0,< 10,0.0,0.0,15,높음
파이프자동절단기,< 10,0.7,10.21,20,0.7,3.34,14,높음
파이프고속절단기,< 10,1.1,17.5,< 10,0.0,0.0,7,중간
화이버레이저,140,1.9,1.36,110,4.1,3.81,15,높음
파이프레이저절단,10,0.9,4.84,10,0.0,0.0,10,중간
파이버레이저절단기,20,2.3,9.38,10,0.0,0.0,6,중간
금속가공기,10,0.0,0.0,< 10,0.0,0.0,3,높음
파이버레이저컷팅기,< 10,0.7,11.12,< 10,0.0,0.0,3,높음
정밀가공,240,3.8,1.66,220,11.0,5.05,15,높음
파이프가공업체,10,0.1,1.36,10,0.0,0.0,15,높음
철구조물제작,60,3.3,5.47,60,4.1,6.47,15,높음
유리절단,150,1.1,0.74,520,7.3,1.52,14,높음
스텐물받이,60,2.0,3.1,210,2.3,1.19,10,중간
금속용접,20,0.1,0.58,50,0.7,1.59,15,높음
철근원곡기,10,1.0,5.99,10,0.0,0.0,7,중간
파이프절단,180,2.1,1.18,210,2.8,1.37,15,높음
서스가공,30,0.5,1.54,50,0.0,0.0,15,높음
시화모형절단,< 10,2.0,28.58,< 10,0.0,0.0,2,중간
후판가공,< 10,0.0,0.0,< 10,0.0,0.0,3,높음
플라스틱타공,30,0.0,0.0,90,1.8,1.9,3,높음
유공철판,10,3.0,23.08,10,1.0,14.29,1,중간
유공판,90,1.4,1.5,100,8.2,8.54,13,중간
금속흡음재,50,1.3,2.52,< 10,0.0,0.0,3,높음
대구타공,10,0.7,5.89,10,1.7,33.34,1,중간
마이크로타공망,< 10,0.0,0.0,< 10,0.5,8.34,2,중간
금속외장재,40,3.2,7.7,20,0.3,2.0,10,중간
유공판넬,30,2.2,6.14,10,1.0,6.39,11,중간
양산파이프,< 10,0.7,9.1,10,0.0,0.0,3,높음
스테인레스공예,< 10,1.0,33.34,10,0.0,0.0,1,중간
광주레이저가공,10,0.7,3.93,< 10,0.0,0.0,3,높음
스테인리스제품,< 10,0.0,0.0,10,0.0,0.0,1,중간
SUS용접,90,0.5,0.6,80,0.0,0.0,15,높음
냉간밴딩,< 10,0.0,0.0,< 10,0.0,0.0,3,높음
스틸가공,20,0.5,1.93,10,0.3,1.86,15,높음
PVC타공판,20,4.0,22.23,10,0.0,0.0,1,중간
스텐구조물,10,1.4,8.02,10,0.5,3.13,15,높음
울산레이저가공,10,1.5,12.91,< 10,0.0,0.0,3,높음
레이저커팅업체,10,0.7,5.65,10,0.0,0.0,15,높음
레이저타공,70,2.4,3.14,130,11.0,9.25,13,중간
파이프레이저컷팅,< 10,0.0,0.0,10,0.4,3.04,2,중간
스틸프레임제작,< 10,1.1,22.73,< 10,0.0,0.0,4,낮음
스테인레스사각관,10,0.8,6.25,< 10,0.0,0.0,2,중간
탭가공,300,1.8,0.63,220,1.3,0.59,15,높음
판금제조,< 10,0.0,0.0,< 10,0.0,0.0,3,높음
소형레이저절단기,10,0.5,2.5,10,0.0,0.0,13,중간
금속가구제작,30,1.7,4.39,20,0.7,2.47,15,높음
정밀레이저가공,< 10,2.8,55.56,< 10,0.0,0.0,2,중간
NCT펀칭,10,0.7,6.07,< 10,0.0,0.0,3,높음
안산절곡,10,1.3,7.7,20,0.0,0.0,2,중간
금속작업,10,0.5,5.77,20,0.7,3.28,6,중간
레이저판금,20,2.5,8.91,20,1.4,6.25,5,중간
절단기,2190,11.7,0.58,5500,64.0,1.25,15,높음
브라켓가공,10,0.0,0.0,20,0.7,2.9,3,높음
EX망,150,6.9,4.75,100,8.3,8.1,12,중간
스탠제작,10,0.2,2.03,40,0.7,2.23,12,중간
밴딩가공,10,0.7,5.13,10,0.3,3.34,3,높음
금속주문제작,30,1.3,4.77,40,2.6,6.35,15,높음
동파이프밴딩,20,0.7,2.51,50,1.0,2.13,11,중간
파이버레이저,340,6.9,2.07,480,11.8,2.71,15,높음
대구타공판,10,2.6,18.31,10,3.3,25.0,5,중간
갈바작업,60,1.4,2.15,170,0.8,0.49,12,중간
트랜지,150,2.4,1.71,990,28.3,3.05,15,높음
스텐체크판,50,2.0,3.79,90,0.7,0.88,6,중간
프로파일밴딩,10,1.0,6.13,10,0.5,5.0,3,높음
남동공단레이저,< 10,0.0,0.0,< 10,0.0,0.0,2,중간
주방배수로,< 10,0.7,22.23,10,0.5,5.27,3,높음
주방트렌치,240,8.0,3.46,420,30.9,7.63,15,높음
스텐트렌치,180,8.7,5.34,330,22.6,7.41,15,높음
스틸그래이팅,60,2.4,3.97,70,3.7,5.1,14,높음
원자재,4930,1.8,0.04,10900,1.0,0.01,12,중간
배수트렌치,290,7.3,2.75,360,14.9,5.0,15,높음
배터리케이스,420,2.5,0.63,1380,37.3,2.87,15,높음
보링그라우팅,240,1.5,0.65,210,8.3,4.05,15,높음
서스철판,40,0.4,1.12,50,0.0,0.0,2,중간
그레이팅가격,20,1.6,6.29,60,11.3,18.45,15,높음
그리스트랩도면,70,7.0,10.71,70,2.3,3.29,6,중간
전기자전거배터리케이스,10,0.0,0.0,20,1.1,4.17,2,중간
무소음트렌치,1450,41.8,3.08,1080,50.4,5.2,15,높음
인테리어금속,20,0.7,3.04,70,2.0,3.08,15,높음
대구파이프레이저,< 10,0.3,8.34,< 10,0.0,0.0,3,높음
금속커팅,10,0.1,0.71,20,0.3,1.76,14,높음
철재제작,10,0.4,2.38,50,1.0,1.86,15,높음
평철밴딩,20,0.0,0.0,20,0.0,0.0,3,높음
화성밴딩,10,0.4,3.13,20,0.5,2.09,3,높음
화성벤딩,10,0.3,3.04,10,0.0,0.0,3,높음
코일밴딩,< 10,1.0,16.67,10,0.0,0.0,3,높음
각관벤딩,10,2.3,17.65,< 10,0.0,0.0,3,높음
튜브밴딩,30,0.6,1.71,70,0.3,0.49,9,중간
사각파이프밴딩,10,1.3,7.41,20,0.3,1.2,3,높음
사각파이프벤딩,< 10,0.3,8.34,< 10,0.0,0.0,3,높음
각관밴딩,20,1.1,4.92,30,0.0,0.0,3,높음
코일벤딩,10,1.7,16.67,< 10,0.0,0.0,3,높음
각파이프밴딩,70,4.3,6.52,100,1.7,1.72,9,중간
NCT가공,220,4.3,1.99,220,6.7,3.11,15,높음
철재구조물,10,0.3,2.39,10,0.7,6.67,3,높음
CNC업체,20,0.1,0.56,20,0.3,1.45,15,높음
트렌치커버,330,11.3,3.67,410,19.5,5.08,15,높음
환봉벤딩,20,0.7,2.71,10,0.5,2.64,3,높음
베벨가공,20,0.3,1.76,10,0.0,0.0,3,높음
스텐판,970,23.7,2.56,2410,81.9,3.71,15,높음
각파이프레이저,< 10,1.0,25.0,< 10,1.0,12.5,1,중간
벤딩가공,< 10,0.0,0.0,< 10,0.0,0.0,3,높음
각파이프규격,4060,56.8,1.49,3120,209.7,7.18,11,중간
사각파이프,1970,46.1,2.5,3310,136.3,4.42,15,높음
구조관,130,2.7,2.19,100,0.8,0.78,13,중간
아연각파이프,680,23.9,3.73,1450,94.3,7.09,15,높음
파이프포밍,30,2.4,7.48,10,0.7,4.45,5,중간
포밍,770,1.2,0.17,1290,1.8,0.15,15,높음
스텐각파이프,650,23.9,3.94,1040,67.7,6.97,14,높음
파이프타공,30,0.9,2.83,40,0.0,0.0,5,중간
PIPE밴딩,< 10,0.0,0.0,< 10,0.0,0.0,3,높음
창원레이저컷팅,< 10,0.0,0.0,< 10,0.0,0.0,0,낮음
각파이프가격,700,48.8,7.45,2170,216.3,10.81,15,높음
산소절단,170,0.9,0.57,320,11.0,3.53,14,높음
함체제작,50,3.3,5.74,10,0.3,3.71,15,높음
스텐레이저컷팅,< 10,0.4,20.0,< 10,0.0,0.0,3,높음
금속구조물제작,10,0.6,5.0,< 10,0.7,16.67,15,높음
스테인리스업체,< 10,1.0,12.5,10,0.0,0.0,3,높음
스텐업체,< 10,1.0,16.67,< 10,0.0,0.0,3,높음
스탠가공,< 10,0.7,22.23,< 10,0.0,0.0,3,높음
스텐리스제작,10,0.4,3.58,10,0.3,3.04,5,중간
샤링절단,< 10,0.3,3.85,10,0.5,4.55,3,높음
와이어메쉬,1730,29.1,1.8,1650,48.3,3.16,15,높음
부품제작,20,0.3,1.34,10,0.7,4.45,15,높음
철판용접,40,0.7,1.52,40,0.7,1.49,15,높음
주방트랜치,< 10,0.0,0.0,< 10,0.0,0.0,0,낮음
CNC벤딩,30,2.4,7.2,< 10,0.0,0.0,8,중간
울산각관,10,2.3,25.93,10,0.3,1.97,3,높음
3차원레이저가공기,10,1.3,12.5,10,0.0,0.0,2,중간
울산레이저,20,1.4,5.72,80,0.4,0.49,7,중간
우드간판제작,< 10,0.0,0.0,< 10,0.0,0.0,3,높음
파이프렉,170,3.7,2.26,200,8.3,4.26,14,높음
스텐무늬판,70,1.0,1.37,20,0.4,2.39,3,높음
스텐베이스판,50,0.8,1.65,50,0.0,0.0,10,중간
레이저절단기가격,10,0.2,2.15,10,0.3,3.71,14,높음
천안절곡,< 10,0.5,13.64,20,0.3,1.59,6,중간
스텐파이프절단판매,20,2.5,10.57,10,0.0,0.0,11,중간
CNC모형절단,20,0.8,5.36,10,0.0,0.0,4,낮음
프레스제작,20,0.7,2.95,10,0.7,6.07,15,높음
프레스금형제작업체,< 10,0.7,9.53,< 10,0.0,0.0,3,높음
철판제작업체,< 10,0.0,0.0,< 10,0.3,11.12,3,높음
프레스제작업체,< 10,0.0,0.0,< 10,0.0,0.0,3,높음
프레스금형가공,< 10,0.0,0.0,< 10,0.0,0.0,3,높음
판금용접,50,0.9,1.58,170,1.0,0.63,15,높음
알미늄제작,10,1.0,8.4,20,1.0,3.85,11,중간
스테인레스컷팅,< 10,0.6,8.34,10,0.0,0.0,2,중간
철박스,180,3.1,1.87,250,0.0,0.0,15,높음
울산절곡,10,0.0,0.0,< 10,0.0,0.0,0,낮음
남양주절곡,< 10,0.0,0.0,< 10,0.0,0.0,3,높음
오산절곡,< 10,1.0,50.0,< 10,0.0,0.0,1,중간
시흥절곡,< 10,0.0,0.0,< 10,0.0,0.0,0,낮음
대전절곡,10,0.0,0.0,40,0.0,0.0,2,중간
이천절곡,< 10,0.0,0.0,10,0.0,0.0,1,중간
파이프피어싱,< 10,0.3,16.67,10,0.0,0.0,3,높음
핸드레일제작,20,1.1,5.07,10,0.0,0.0,13,중간
유리연마,80,1.1,1.34,250,1.8,0.73,15,높음
금속가구,70,5.2,7.33,120,7.5,6.35,15,높음
갈바제작,40,1.7,3.79,50,3.2,6.07,15,높음
제관,1070,4.8,0.48,1270,4.3,0.36,15,높음
단조핸드레일,< 10,1.5,25.5,10,0.0,0.0,9,중간
FIBERLASER,90,0.3,0.33,40,1.7,4.17,15,높음
스테인레스구조물,< 10,0.0,0.0,< 10,0.0,0.0,3,높음
U벤딩,< 10,0.0,0.0,< 10,0.0,0.0,3,낮음
U밴딩,10,1.5,10.26,< 10,0.0,0.0,3,높음
의료부품,< 10,0.7,13.34,10,0.7,6.07,3,높음
스테인레스제작업체,< 10,0.0,0.0,< 10,0.0,0.0,15,높음
